OCID,CONTRACT_TITLE,CONTRACT_TYPE,PROCUREMENT_METHOD,BUYER_NAME,SUPPLIER_NAMES,CONTRACT_START_DATE,CONTRACT_END_DATE,CONTRACT_AMOUNT,CONTRACT_CURRENCY
LO-009KDH999-N79-2015,LOS TRABAJOS RELATIVOS A LA NIVELACIÓN Y LIMPIEZA DEL TERRENO DEL NUEVO AEROPUERTO INTERNACIONAL DE LA CIUDAD DE MÉXICO ,Obra Pública,Licitación Pública,"Grupo Aeroportuario De La Ciudad de México, S.A. de C.V.","COCONAL, SAPI DE C.V.",,,1762803241,MXN
LO-009KDH999-E51-2016,SERVICIOS DE SUPERVISIÓN TÉCNICA Y ADMINISTRATIVA DE CONSTRUCCIÓN PARA EL EDIFICIO TERMINAL DEL NUEVO AEROPUERTO INTERNACIONAL DE LA CIUDAD DE MEXICO,Servicios Relacionados con la OP,Licitación Pública,"Grupo Aeroportuario De La Ciudad de México, S.A. de C.V.","CAL Y MAYOR Y ASOCIADOS, S.C.",,,1157439743,MXN
LO-009KDH999-E51-2016,SERVICIOS DE SUPERVISIÓN TÉCNICA Y ADMINISTRATIVA DE CONSTRUCCIÓN PARA EL EDIFICIO TERMINAL DEL NUEVO AEROPUERTO INTERNACIONAL DE LA CIUDAD DE MEXICO,Servicios Relacionados con la OP,Licitación Pública,"Grupo Aeroportuario De La Ciudad de México, S.A. de C.V.","SUPERVISIÓN E INGENIERÍA DE PROYECTOS, S.A.S.",,,1157439743,MXN
LO-009KDH999-E51-2016,SERVICIOS DE SUPERVISIÓN TÉCNICA Y ADMINISTRATIVA DE CONSTRUCCIÓN PARA EL EDIFICIO TERMINAL DEL NUEVO AEROPUERTO INTERNACIONAL DE LA CIUDAD DE MEXICO,Servicios Relacionados con la OP,Licitación Pública,"Grupo Aeroportuario De La Ciudad de México, S.A. de C.V.","INGENIERÍA Y ECONOMÍA DEL TRANSPORTE, S.A.",,,1157439743,MXN
LO-009KDH999-E51-2016,SERVICIOS DE SUPERVISIÓN TÉCNICA Y ADMINISTRATIVA DE CONSTRUCCIÓN PARA EL EDIFICIO TERMINAL DEL NUEVO AEROPUERTO INTERNACIONAL DE LA CIUDAD DE MEXICO,Servicios Relacionados con la OP,Licitación Pública,"Grupo Aeroportuario De La Ciudad de México, S.A. de C.V.","INGENIERÍA Y ECONOMÍA TRANSPORTMEX, S.A. DE C.V.",,,1157439743,MXN
LO-009KDH999-E51-2016,SERVICIOS DE SUPERVISIÓN TÉCNICA Y ADMINISTRATIVA DE CONSTRUCCIÓN PARA EL EDIFICIO TERMINAL DEL NUEVO AEROPUERTO INTERNACIONAL DE LA CIUDAD DE MEXICO,Servicios Relacionados con la OP,Licitación Pública,"Grupo Aeroportuario De La Ciudad de México, S.A. de C.V.","URS CORPORATION MEXICO, S. DE R.L. DE C.V.",,,1157439743,MXN
LO-009KDH999-E51-2016,SERVICIOS DE SUPERVISIÓN TÉCNICA Y ADMINISTRATIVA DE CONSTRUCCIÓN PARA EL EDIFICIO TERMINAL DEL NUEVO AEROPUERTO INTERNACIONAL DE LA CIUDAD DE MEXICO,Servicios Relacionados con la OP,Licitación Pública,"Grupo Aeroportuario De La Ciudad de México, S.A. de C.V.","AECOM TECHNICAL SERVICES, INC.",,,1157439743,MXN
LO-009KDH999-E51-2016,SERVICIOS DE SUPERVISIÓN TÉCNICA Y ADMINISTRATIVA DE CONSTRUCCIÓN PARA EL EDIFICIO TERMINAL DEL NUEVO AEROPUERTO INTERNACIONAL DE LA CIUDAD DE MEXICO,Servicios Relacionados con la OP,Licitación Pública,"Grupo Aeroportuario De La Ciudad de México, S.A. de C.V.","AYESA INGENIERÍA Y ARQUITECTURA, S.A.",,,1157439743,MXN
LO-009KDH999-E51-2016,SERVICIOS DE SUPERVISIÓN TÉCNICA Y ADMINISTRATIVA DE CONSTRUCCIÓN PARA EL EDIFICIO TERMINAL DEL NUEVO AEROPUERTO INTERNACIONAL DE LA CIUDAD DE MEXICO,Servicios Relacionados con la OP,Licitación Pública,"Grupo Aeroportuario De La Ciudad de México, S.A. de C.V.","AYESA MÉXICO, S.A. DE C.V.",,,1157439743,MXN
LO-009KDH999-E93-2015,DESARROLLO DE INGENIERIA DETALLE Y CONSTRUCCIÓN DE SUBESTACIONES Y ACOMETIDA ELÉCTRICA DEL NUEVO AEROPUERTO INTERNACIONAL DE LA CIUDAD DE MÉXICO (NAICM)  ,Obra Pública,Licitación Pública,"Grupo Aeroportuario De La Ciudad de México, S.A. de C.V.","PROYECTOS Y CONSTRUCCIONES URISA, S.A. DE C.V.",,,1114845394,MXN
IO-009KDH999-T3-2014,"Elaboración del proyecto ejecutivo (ingenierías) para el diseño de la parte Aeronáutica (área de movimiento) de pistas, calles de rodaje, plataformas, áreas para el mantenimiento de aeronaves, servicio de combustibles de aviación, restricción y eliminación de obstáculos, servicio de salvamento y extinción de incendios (SSEI), ayudas visuales para la navegación, ayudas visuales indicadoras de obstáculos, ayudas visuales indicadoras de zonas de uso restringido, sistemas eléctricos de ayudas visuales para la navegación, mantenimiento de aeródromo, huella de ruido, agua potable y drenaje, programa de mantenimiento, sistemas de transporte de la información, acompañamiento en el proceso de obra, que contemple las características y elementos físicos para el NAICM, con base en las flotas de aeronaves que operan y operarán en el Nuevo Aeropuerto en el futuro inmediato y con base en las normas nacionales e internacionales en materia de aeronáutica y de aviación civil",Servicios,Invitación a Cuando Menos 3 Personas,"Grupo Aeroportuario De La Ciudad de México, S.A. de C.V.","SACMAG DE MÉXICO, S.A. de C.V.",,,1079335930,MXN
IO-009KDH999-T3-2014,"Elaboración del proyecto ejecutivo (ingenierías) para el diseño de la parte Aeronáutica (área de movimiento) de pistas, calles de rodaje, plataformas, áreas para el mantenimiento de aeronaves, servicio de combustibles de aviación, restricción y eliminación de obstáculos, servicio de salvamento y extinción de incendios (SSEI), ayudas visuales para la navegación, ayudas visuales indicadoras de obstáculos, ayudas visuales indicadoras de zonas de uso restringido, sistemas eléctricos de ayudas visuales para la navegación, mantenimiento de aeródromo, huella de ruido, agua potable y drenaje, programa de mantenimiento, sistemas de transporte de la información, acompañamiento en el proceso de obra, que contemple las características y elementos físicos para el NAICM, con base en las flotas de aeronaves que operan y operarán en el Nuevo Aeropuerto en el futuro inmediato y con base en las normas nacionales e internacionales en materia de aeronáutica y de aviación civil",Servicios,Invitación a Cuando Menos 3 Personas,"Grupo Aeroportuario De La Ciudad de México, S.A. de C.V.","TADCO CONSTRUCTORA, S.A. DE C.V.",,,1079335930,MXN
IO-009KDH999-T3-2014,"Elaboración del proyecto ejecutivo (ingenierías) para el diseño de la parte Aeronáutica (área de movimiento) de pistas, calles de rodaje, plataformas, áreas para el mantenimiento de aeronaves, servicio de combustibles de aviación, restricción y eliminación de obstáculos, servicio de salvamento y extinción de incendios (SSEI), ayudas visuales para la navegación, ayudas visuales indicadoras de obstáculos, ayudas visuales indicadoras de zonas de uso restringido, sistemas eléctricos de ayudas visuales para la navegación, mantenimiento de aeródromo, huella de ruido, agua potable y drenaje, programa de mantenimiento, sistemas de transporte de la información, acompañamiento en el proceso de obra, que contemple las características y elementos físicos para el NAICM, con base en las flotas de aeronaves que operan y operarán en el Nuevo Aeropuerto en el futuro inmediato y con base en las normas nacionales e internacionales en materia de aeronáutica y de aviación civil",Servicios,Invitación a Cuando Menos 3 Personas,"Grupo Aeroportuario De La Ciudad de México, S.A. de C.V.","NACO NETHERLANDS AIRPORTS CONSULTANTS, B.V.",,,1079335930,MXN
LO-009KDH999-E50-2016,"TRABAJOS RELATIVOS A LOS PILOTES PARA LA TORRE DE CONTROL, EDIFICIO TERMINAL Y EL CENTRO DE TRANSPORTE TERRESTRE INTERMODAL DEL NUEVO AEROPUERTO INTERNACIONAL DE LA CIUDAD DE MÉXICO (NAICM) ",Obra Pública,Licitación Pública,"Grupo Aeroportuario De La Ciudad de México, S.A. de C.V.","GAMI INGENIERIA E INSTALACIONES, S.A. DE C.V.",,,664095825,MXN
AA-009KDH999-E19-2016,SERVICIOS ESPECIALIZADOS EN EL SUMINISTRO DE PERSONAL TÉCNICO Y ADMINISTRATIVO PARA PROYECTOS DE INFRAESTRUCTURA AEROPORTUARIA.,Servicios,Adjudicación Directa Federal,"Grupo Aeroportuario De La Ciudad de México, S.A. de C.V.","CONSORCIO EMPRESARIAL ADPER, S.A. DE C.V.",,,625917655,MXN
AA-009KDH999-E19-2016,SERVICIOS ESPECIALIZADOS EN EL SUMINISTRO DE PERSONAL TÉCNICO Y ADMINISTRATIVO PARA PROYECTOS DE INFRAESTRUCTURA AEROPORTUARIA.,Servicios,Adjudicación Directa Federal,"Grupo Aeroportuario De La Ciudad de México, S.A. de C.V.","GLOBAL  INTERMEX, S.A. DE C.V.",,,625917655,MXN
AA-009KDH999-E19-2016,SERVICIOS ESPECIALIZADOS EN EL SUMINISTRO DE PERSONAL TÉCNICO Y ADMINISTRATIVO PARA PROYECTOS DE INFRAESTRUCTURA AEROPORTUARIA.,Servicios,Adjudicación Directa Federal,"Grupo Aeroportuario De La Ciudad de México, S.A. de C.V.","INTERMEX COMERCIALIZADORA INTERNACIONAL, S.A. DE C.V.",,,625917655,MXN
LO-009KDH999-N80-2015,"CONSTRUCCIÓN DE LOS CAMINOS PROVISIONALES DE ACCESO AL NUEVO AEROPUERTO INTERNACIONAL DE LA CIUDAD DE MÉXICO (NAICM) EJECUTANDO TRABAJOS DE TERRACERIA, ESTRUCTURAS Y OBRAS DE DRENAJE, PAVIMENTACIÓN Y SEÑALAMIENTO.",Obra Pública,Licitación Pública,"Grupo Aeroportuario De La Ciudad de México, S.A. de C.V.","TRANSPORTACIONES Y CONSTRUCCIONES TAMAULIPECOS, S.A. DE C.V.",,,608275577,MXN
LO-009KDH999-N80-2015,"CONSTRUCCIÓN DE LOS CAMINOS PROVISIONALES DE ACCESO AL NUEVO AEROPUERTO INTERNACIONAL DE LA CIUDAD DE MÉXICO (NAICM) EJECUTANDO TRABAJOS DE TERRACERIA, ESTRUCTURAS Y OBRAS DE DRENAJE, PAVIMENTACIÓN Y SEÑALAMIENTO.",Obra Pública,Licitación Pública,"Grupo Aeroportuario De La Ciudad de México, S.A. de C.V.","INMOBILIARIOS MEXICANOS, S.A. de C.V.",,,608275577,MXN
LO-009KDH999-N78-2015,"LOS TRABAJOS RELATIVOS A CARGA, ACARREO Y DESCARGA FUERA DEL POLIGONO DEL MATERIAL EXISTENTE PRODUCTO DE DEPOSITOS DE DEMOLICIONES, DESPERDICIOS Y DESAZOLVE",Obra Pública,Licitación Pública,"Grupo Aeroportuario De La Ciudad de México, S.A. de C.V.","OMEGA CONSTRUCCIONES INDUSTRIALES, S.A. DE C.V.",,,493916475,MXN
LO-009KDH999-N78-2015,"LOS TRABAJOS RELATIVOS A CARGA, ACARREO Y DESCARGA FUERA DEL POLIGONO DEL MATERIAL EXISTENTE PRODUCTO DE DEPOSITOS DE DEMOLICIONES, DESPERDICIOS Y DESAZOLVE",Obra Pública,Licitación Pública,"Grupo Aeroportuario De La Ciudad de México, S.A. de C.V.","CALZADA CONSTRUCCIONES, S.A. DE C.V.",,,493916475,MXN
LO-009KDH999-N78-2015,"LOS TRABAJOS RELATIVOS A CARGA, ACARREO Y DESCARGA FUERA DEL POLIGONO DEL MATERIAL EXISTENTE PRODUCTO DE DEPOSITOS DE DEMOLICIONES, DESPERDICIOS Y DESAZOLVE",Obra Pública,Licitación Pública,"Grupo Aeroportuario De La Ciudad de México, S.A. de C.V.","CONSTRUCCIONES Y DRAGADOS DEL SURESTE, S.A. DE C.V.",,,493916475,MXN
LO-009KDH999-N50-2015,PARA LOS TRABAJOS RELATIVOS A LA CONSTRUCCIÓN DEL DRENAJE PLUVIAL TEMPORAL DEL NUEVO AEROPUERTO DE LA CIUDAD DE MÉXICO.,Obra Pública,Licitación Pública,"Grupo Aeroportuario De La Ciudad de México, S.A. de C.V.","CALZADA CONSTRUCCIONES, S.A. DE C.V.",,,192525597,MXN
LO-009KDH999-T52-2015,DISEÑAR E INSTRUMENTAR EL MODELO VIRTUAL DE INFORMACIÓN PARA LA CONSTRUCCIÓN (BIM) DEL NUEVO AEROPUERTO INTERNACIONAL DE LA CIUDAD DE MÉXICO (NAICM),Servicios Relacionados con la OP,Licitación Pública,"Grupo Aeroportuario De La Ciudad de México, S.A. de C.V.","AUTODESK, INC.,",,,136749542.27,MXN
LO-009KDH999-N47-2015,"DESARROLLO DEL PROYECTO EJECUTIVO, CONSTRUCCIÓN, EQUIPAMIENTO DE, MOBILIARIO E INSTALACIONES COMPLEMENTARIAS PARA EL CAMPAMENTO DEL GRUPO AEROPORTUARIO DE LA CIUDAD DE MÉXICO (GACM) EN EL SITIO DEL NUEVO AEROPUERTO INTERNACIONAL DE LA CIUDAD DE MÉXICO (NAI",Obra Pública,Licitación Pública,"Grupo Aeroportuario De La Ciudad de México, S.A. de C.V.","ACCIONES GRUPO DE ORO, S.A. DE C.V.",,,112046320.57,MXN
LO-009KDH999-N47-2015,"DESARROLLO DEL PROYECTO EJECUTIVO, CONSTRUCCIÓN, EQUIPAMIENTO DE, MOBILIARIO E INSTALACIONES COMPLEMENTARIAS PARA EL CAMPAMENTO DEL GRUPO AEROPORTUARIO DE LA CIUDAD DE MÉXICO (GACM) EN EL SITIO DEL NUEVO AEROPUERTO INTERNACIONAL DE LA CIUDAD DE MÉXICO (NAI",Obra Pública,Licitación Pública,"Grupo Aeroportuario De La Ciudad de México, S.A. de C.V.","CONSTRUCTORA GRUPO DE ORO, S.A. DE C.V.",,,112046320.57,MXN
IO-009KDH999-E17-2016,SERVICIOS DE CONSULTORÍA DE LA AUTORIDAD VERIFICADORA DEL COMISIONAMIENTO AVANZADO DE LEED PARA EL PROYECTO DEL NUEVO AEROPUERTO INTERNACIONAL DE LA CIUDAD DE MÉXICO (NAICM),Servicios Relacionados con la OP,Invitación a Cuando Menos 3 Personas,"Grupo Aeroportuario De La Ciudad de México, S.A. de C.V.","888 REVITALIZA, S.A. DE C.V.",,,90190682.54,MXN
AA-009KDH999-E8-2016,"SERVICIO ADMINISTRADO DE INFRAESTRUCTURA DE OPERACIÓN CRÍTICA (DATACENTER) PARA EL GRUPO AEROPORTUARIO DE LA CIUDAD DE MÉXICO, S.A. DE C.V. PARA LOS EJERCICIOS FISCALES 2015 A 2018.",Servicios,Adjudicación Directa Federal,"Grupo Aeroportuario De La Ciudad de México, S.A. de C.V.","METRO NET HOSTING, S. DE R.L. DE C.V.",,,81153576.8,MXN
IO-009KDH999-E96-2015,INTEGRACIÓN DE LA ESTRATEGIA GLOBAL Y MODELO DE NEGOCIOS PARA EL NUEVO AEROPUERTO INTERNACIONAL DE LA CIUDAD DE MÉXICO,Servicios Relacionados con la OP,Invitación a Cuando Menos 3 Personas,"Grupo Aeroportuario De La Ciudad de México, S.A. de C.V.","BCG-THE BOSTON CONSULTING GROUP, S.C.",,,79000000,MXN
IA-009KDH999-E23-2016,"SERVICIOS PROFESIONALES DE CONSULTORÍA, PARA EL ACOMPAÑAMIENTO JURÍDICO-NORMATIVO Y ADMINISTRATIVO EN LA REALIZACIÓN DE LAS ACTIVIDADES PARA EL DESARROLLO DEL NUEVO AEROPUERTO INTERNACIONAL DE LA CIUDAD DE MÉXICO",Adquisiciones,Invitación a Cuando Menos 3 Personas,"Grupo Aeroportuario De La Ciudad de México, S.A. de C.V.","VÁZQUEZ NAVA Y CONSULTORES, S.C.",,,73500000,MXN
AO-009KDH999-E102-2016,"OBRAS DE EXCAVACIÓN DE PRUEBA, LOSA EXPERIMENTAL Y PRUEBA DE PILOTES PARA EL EDIFICIO TERMINAL Y TORRE DE CONTROL DEL NAICM ",Obra Pública,Adjudicación Directa Federal,"Grupo Aeroportuario De La Ciudad de México, S.A. de C.V.","CIMENTACIONES MEXICANAS, S.A. DE C.V.",,,57742619.43,MXN
SA-009KDH999-N10-2014,CM SERVICIOS DE LICENCIAMIENTO  ORACLE Y SERVICIOS PROFESIONALES DE IMPLEMENTACIÓN PARA CREAR UN SISTEMA DE PLANIFICACIÓN DE RECURSOS GUBERNAMENTALES (GRP),Servicios,Adjudicación Directa Federal,"Grupo Aeroportuario De La Ciudad de México, S.A. de C.V.","SERVICIOS, TECNOLOGÍA Y ORGANIZACIÓN, S.A. DE C.V.",,,54998429.37,MXN
AA-009KDH999-E139-2016,PLAN DE INTEGRACION EJIDAL PARA EL PROYECTO DEL NUEVO AEROPUERTO INTERNACIONAL DE LA CIUDAD DE MÉXICO (NAICM) SEGUNDA ETAPA,Servicios,Adjudicación Directa Federal,"Grupo Aeroportuario De La Ciudad de México, S.A. de C.V.","LUXMART FUTURA, S.A. DE C.V.",,,46177182.09,MXN
IO-009KDH999-E71-2016,ESTUDIO DE PRUEBA PARA ESTABILIZACIÓN DE SUELOS CON TECNOLOGÍA AL VACÍO EN EL NUEVO AEROPUERTO INTERNACIONAL DE LA CIUDAD DE MÉXICO,Servicios Relacionados con la OP,Invitación a Cuando Menos 3 Personas,"Grupo Aeroportuario De La Ciudad de México, S.A. de C.V.","PIMOSA, S.A. DE C.V.",,,44150068.04,MXN
SA-009KDH999-N1-2014,"CM CONTRATO ESPECIFICO ABIERTO Y PLURIANUAL, PARA EL ARRENDAMIENTO DE VEHICULOS TERRESTRES ",Servicios,Adjudicación Directa Federal,"Grupo Aeroportuario De La Ciudad de México, S.A. de C.V.","ARRENDOMOVIL DE MEXICO, S.A. DE C.V.",,,43011360,MXN
LO-009KDH999-E94-2015,"ESTUDIO DE INGENIERÍA GEOMÁTICA PARA EL PROYECTO DE PISTAS, PLATAFORMAS, CALLES DE RODAJE Y EDIFICIOS DEL NUEVO AEROPUERTO INTERNACIONAL DE LA CIUDAD DE MÉXICO (NAICM), PARA GENERAR UN MODELO DIGITAL DE TERRENO (MDT) A TRAVÉS DE LA TECNOLOGÍA HIGH DEFINITI",Servicios Relacionados con la OP,Licitación Pública,"Grupo Aeroportuario De La Ciudad de México, S.A. de C.V.","CONSORCIO IUYET, S.A. DE C.V.",,,41324450.46,MXN
AA-009KDH999-E150-2016,"ASESORÍA TÉCNICA Y CAPACITACIÓN A TRABAJADORES DEL PROGRAMA DE EMPLEO TEMPORAL DE MANO DE OBRA CAMPESINA O URBANA MARGINADA PARA LOS 7 EJIDOS COLINDANTES AL PREDIO DEL NAICM (MÍNIMO 960, MÁXIMO 2400 TRABAJADORES) SEGUNDA FASE",Servicios,Adjudicación Directa Federal,"Grupo Aeroportuario De La Ciudad de México, S.A. de C.V.","AGENCIA DE DESARROLLO RURAL MARTELLI, S.C. DE R.L. DE M.I.",,,41241449.58,MXN
SA-009KDH999-N2-2015,SERVICIOS ESPECIALIZADOS EN EL SUMINISTRO DE PERSONAL TERCERIZADO,Servicios,Adjudicación Directa Federal,"Grupo Aeroportuario De La Ciudad de México, S.A. de C.V.",ARGU ASESORES EN CAPITAL HUMANO; S.C.,,,37181503.72,MXN
LO-009KDH999-N5-2014,EXTRACCION DE ADEMES Y RESTITUCION DEL TERRENO QUE OCUPAN DICHOS ELEMENTOS UBICADOS EN LA POLIGONAL PARA EL NUEVO AEROPUERTO INTERNACIONAL DE LA CIUDAD DE MEXCIO,Servicios,Licitación Pública,"Grupo Aeroportuario De La Ciudad de México, S.A. de C.V.","GEXIQ, S.A. DE C.V.",,,34245066,MXN
AA-009KDH999-E7-2016,"SERVICIO DE COMUNICACIONES PARA EL GRUPO AEROPORTUARIO DE LA CIUDAD DE MÉXICO, S.A. DE C.V. PARA LOS EJERCICIOS FISCALES 2015 A 2018.",Servicios,Adjudicación Directa Federal,"Grupo Aeroportuario De La Ciudad de México, S.A. de C.V.","AXTEL, S.A.B. DE C.V.",,,34033984.09,MXN
IA-009KDH999-E117-2016,"EVALUACIÓN Y ADECUACIÓN DEL MODELO ADMINISTRATIVO DEL GRUPO AEROPORTUARIO DE LA CIUDAD DE MÉXICO PARA EL DESARROLLO DE LA OBRA DEL NUEVO AEROPUERTO INTERNACIONAL DE LA CIUDAD DE MÉXICO, EN LA ETAPA DE CONSTRUCCIÓN",Servicios,Invitación a Cuando Menos 3 Personas,"Grupo Aeroportuario De La Ciudad de México, S.A. de C.V.","PROFESIONALES EN ADMINISTRACION PUBLICA, S.C.",,,33635100,MXN
IO-009KDH999-N41-2015,ESTUDIO DE LAS CARACTERÍSTICAS TOPOGRÁFICAS DEL TERRENO DEL NUEVO AEROPUERTO INTERNACIONAL DE LA CIUDAD DE MÉXICO ,Servicios Relacionados con la OP,Invitación a Cuando Menos 3 Personas,"Grupo Aeroportuario De La Ciudad de México, S.A. de C.V.","CONSORCIO IUYET, S.A. DE C.V.",,,33577144.97,MXN
IA-009KDH999-E114-2016,ESTUDIO PARA LA ELABORACION DEL PLAN MAESTRO DE LA CIUDAD AEROPUERTO,Servicios,Invitación a Cuando Menos 3 Personas,"Grupo Aeroportuario De La Ciudad de México, S.A. de C.V.","IDOM INGENIERÍA, S.A. DE C.V.",,,31056000,MXN
AA-009KDH999-E13-2016,"SERVICIOS ADMINISTRADOS DE INFRAESTRUCTURA DE COMUNICACIONES DE VOZ, DATOS Y VIDEO, PARA EL GRUPO AEROPORTUARIO DE LA CIUDAD DE MÉXICO, S.A. DE C.V. PARA LOS EJERCICIOS FISCALES 2015 A 2018.",Servicios,Adjudicación Directa Federal,"Grupo Aeroportuario De La Ciudad de México, S.A. de C.V.","GLOBAL TELECOMUNICATION GROUP, S.A. DE C.V.",,,30516448.28,MXN
SO-009KDH999-N32-2015,"SERVICIOS CONSISTENTES EN LA ELABORACIÓN DE ESTUDIOS DE GEOTECNIA, TOPOGRAFIA",Servicios Relacionados con la OP,Adjudicación Directa Federal,"Grupo Aeroportuario De La Ciudad de México, S.A. de C.V.","CONSORCIO IUYET, S.A. DE C.V.",,,29233731.65,MXN
SA-009KDH999-N61-2015,SERVICIOS ADMINISTRADOS DE ARRENDAMIENTO DE EQUIPO Y BIENES INFORMÁTICOS PARA EL GRUPO AEROPORTUARIO DE LA CIUDAD DE MÉXICO,Servicios,Adjudicación Directa Federal,"Grupo Aeroportuario De La Ciudad de México, S.A. de C.V.","INTEGRADORES DE TECNOLOGÍA, S.A. DE C.V.",,,31779878,MXN
LO-009KDH999-N45-2015,IMPLEMENTACIÓN DEL PLAN DE RESTAURACIÓN ECOLÓGICA PARA EL NUEVO AEROPUERTO INTERNACIONAL DE LA CIUDAD DE MÉXICO,Servicios Relacionados con la OP,Licitación Pública,"Grupo Aeroportuario De La Ciudad de México, S.A. de C.V.","MANEJO INTEGRAL DE CUENCA, S.A. DE C.V.",,,18934197.76,MXN
AO-009KDH999-E14-2016,ESTUDIOS DEL SISTEMA DE DRENAJE PLUVIAL DEL NUEVO AEROPUERTO INTERNACIONAL DE LA CIUDAD DE MÉXICO.,Servicios Relacionados con la OP,Adjudicación Directa Federal,"Grupo Aeroportuario De La Ciudad de México, S.A. de C.V.","GRUPO DE INGENIERÍA EN CONSULTORIA Y OBRAS, S.A. DE C.V.",,,18726530.31,MXN
IA-009KDH999-E95-2015,"SERVICIOS DE ASESORÍA EN MATERIA FISCAL; PARA LA RECUPERACIÓN DE SALDOS A FAVOR DE IVA E ISR, ASÍ MISMO ASESORÍA RESPECTO AL CUMPLIMIENTO DE TRATADOS INTERNACIONALES PARA EVITAR LA DOBLE TRIBUTACIÓN",Servicios,Invitación a Cuando Menos 3 Personas,"Grupo Aeroportuario De La Ciudad de México, S.A. de C.V.","MUÑOZ MANZO Y OCAMPO, S.C.",,,18000000,MXN
AA-009KDH999-E81-2016,SERVICIOS DE SUMINISTRO DE COMBUSTIBLE VEHICULAR,Servicios,Adjudicación Directa Federal,"Grupo Aeroportuario De La Ciudad de México, S.A. de C.V.","SODEXO MOTIVATION SOLUTIONS MEXICO, S.A. DE C.V.",,,17267047.5,MXN
IA-009KDH999-N31-2015,"PARA LA ADJUDICACIÓN DEL CONTRATO RELATIVO A LA CONTRATACIÓN DE LOS SERVICIOS PROFESIONAL DE CONSULTORÍA, LEGALES Y/O NORMATIVOS Y ACOMPAÑAMIENTO EN LOS PROCEDIMIENTOS DE CONTRATACIÓN PÚBLICA Y ELABORACIÓN DE LA MEMORIA HISTORICA DEL DESARROLLO DEL NAICM",Servicios,Invitación a Cuando Menos 3 Personas,"Grupo Aeroportuario De La Ciudad de México, S.A. de C.V.","VÁZQUEZ NAVA Y CONSULTORES, S.C.",,,17200000,MXN
IA-009KDH999-E77-2016,"SERVICIOS PROFESIONALES ESPECIALIZADOS DE CONSULTORÍA, ASESORÍA Y ACOMPAÑAMIENTO A GRUPO AEROPORTUARIO DE LA CIUDAD DE MÉXICO, S.A. DE C.V., EN MATERIAS DE INFRAESTRUCTURA, DERECHO AMBIENTAL, DERECHO LABORAL, DERECHO MERCANTIL, DERECHO CIVIL, DERECHO ENERG",Servicios,Adjudicación Directa Federal,"Grupo Aeroportuario De La Ciudad de México, S.A. de C.V.","JONES DAY MEXICO, S.C.",,,16994000,MXN
SO-009KDH999-N74-2015,"PROYECTO EJECUTIVO DEL DRENAJE PLUVIAL TEMPORAL PARA LA PROTECCIÓN DE LA ZONA CONTRA INUNDACIONES PROVENIENTES DE PRECIPITACIONES DENTRO DEL PERÍMETRO DEL AEROPÚERTO EN EL LAGO DE TEXCOCO, DURANTE LA CONSTRUCCIÓN DE LA PRIMERA FASE DEL NUEVO AEROPUERTO ",Servicios Relacionados con la OP,Adjudicación Directa Federal,"Grupo Aeroportuario De La Ciudad de México, S.A. de C.V.","GRUPO DE INGENIERÍA EN CONSULTORIA Y OBRAS, S.A. DE C.V.",,,16708712.52,MXN
LA-009KDH999-E29-2016,SERVICIO DE TRANSPORTE DE PERSONAS EN AUTOBUSES Y DE TRASLADO DE MAQUINARIA Y EQUIPO EN CAMIONETAS DE REDILAS PARA EL PROGRAMA DE EMPLEO TEMPORAL (PET) 2016,Servicios,Licitación Pública,"Grupo Aeroportuario De La Ciudad de México, S.A. de C.V.","GLOBAL TOURIST AGENCY, S.A. DE C.V.",,,15856320,MXN
AA-009KDH999-E141-2016,SERVICIOS DE ASESORÍA TÉCNICA Y CAPACITACIÓN DE NÚCLEOS AGRARIOS (COMISARIADOS EJIDALES) PARA LOS 7 EJIDOS COLINDANTES AL PREDIO DEL NUEVO AEROPUERTO INTERNACIONAL DE LA CIUDAD DE MÉXICO (NAICM) SEGUNDA FASE ,Servicios,Adjudicación Directa Federal,"Grupo Aeroportuario De La Ciudad de México, S.A. de C.V.","CORPORATIVO LEMARC, S.A. DE C.V.",,,15396910.25,MXN
LO-009KDH999-N46-2015,PLAN DE MONITOREO Y CONSERVACIÓN DE AVES DEL PROYECTO NUEVO AEROPUERTO INTERNACIONAL DE LA CIUDAD DE MÉXICO,Servicios Relacionados con la OP,Licitación Pública,"Grupo Aeroportuario De La Ciudad de México, S.A. de C.V.","SUPERVISION Y CONTROL DE FAUNA, S.A. DE C.V.",,,14382969.2,MXN
SA-009KDH999-N63-2015,SERVICIO INTEGRAL DE IMPRESIÓN Y DIGITALIZACION EN BLANCO Y NEGRO Y COLOR,Servicios,Adjudicación Directa Federal,"Grupo Aeroportuario De La Ciudad de México, S.A. de C.V.","ESTRATEC, S.A. DE C.V.",,,13251377.58,MXN
IA-009KDH999-N57-2015,PLAN DE INTEGRACIÓN EJIDAL PARA EL NUEVO AEROPUERTO INTERNACIONAL DE LA CIUDAD DE MÉXICO,Servicios,Invitación a Cuando Menos 3 Personas,"Grupo Aeroportuario De La Ciudad de México, S.A. de C.V.","LUXMART FUTURA, S.A. DE C.V.",,,13080028,MXN
LO-009KDH999-E22-2016,"SUPERVISIÓN DE LA CONSTRUCCIÓN DE LA BARDA Y CAMINO PERIMETRAL, ALUMBRADO, SERVICIOS INDUCIDOS Y CASETAS DE ACCESO PARA EL NUEVO AEROPUERTO INTERNACIONAL DE LA CIUDAD DE MÉXICO",Servicios Relacionados con la OP,Licitación Pública,"Grupo Aeroportuario De La Ciudad de México, S.A. de C.V.","SIFRA Y ASOCIADOS, S.A. de C.V.",,,12999262.5,MXN
IA-009KDH999-N30-2015,SERVICIO DE ASESORÍA LEGAL EN MATERIA DE DERECHO DE LA AVIACIÓN,Servicios,Invitación a Cuando Menos 3 Personas,"Grupo Aeroportuario De La Ciudad de México, S.A. de C.V.","CESC CONSULTORIA, S.C.",,,14964000,MXN
IA-009KDH999-N30-2015,SERVICIO DE ASESORÍA LEGAL EN MATERIA DE DERECHO DE LA AVIACIÓN,Servicios,Invitación a Cuando Menos 3 Personas,"Grupo Aeroportuario De La Ciudad de México, S.A. de C.V.",CONSULTORÍA RUIZ SÁNCHEZ CURIE,,,14964000,MXN
IO-009KDH999-N29-2015,"Servicios de Consultoría Técnica Especializada en Revisión e Integración de Términos de Referencia y Especificaciones Técnicas, de Proyectos de Licitación de Obras Públicas",Servicios Relacionados con la OP,Invitación a Cuando Menos 3 Personas,"Grupo Aeroportuario De La Ciudad de México, S.A. de C.V.","JACE INTERNACIONAL, S.A. DE C.V.",,,12633769.31,MXN
LO-009KDH999-N87-2015,"SUPERVISIÓN TÉCNICA, ADMINISTRATIVA Y DE CONTROL DE CALIDAD PARA LOS TRABAJOS DE CONSTRUCCIÓN DE LOS CAMINOS PROVISIONALES DE ACCESO AL NUEVO AEROPUERTO INTERNACIONAL DE LA CIUDAD DE MÉXICO (NAICM), EJECUTANDO TRABAJOS DE TERRACERÍA, ESTRUCTURAS Y OBRAS DE",Servicios Relacionados con la OP,Licitación Pública,"Grupo Aeroportuario De La Ciudad de México, S.A. de C.V.","CONSULTORIA, SUPERVISION TECNICA Y OPERACION EN SISTEMAS, S.A. DE C.V.",,,12043340.9,MXN
LA-009KDH999-E78-2016,SERVICIOS PROFESIONALES DE LEVANTAMIENTO DE IMAGEN Y VIDEO DEL NUEVO AEROPUERTO INTERNACIONAL DE LA CIUDAD DE MÉXICO,Servicios,Licitación Pública,"Grupo Aeroportuario De La Ciudad de México, S.A. de C.V.","SERVICIOS AUDIO REPRESENTACIONES Y ARTISTAS, S.A. DE C.V.",,,12000000,MXN
LO-009KDH999-N42-2015,IMPLEMENTACIÓN DEL PROGRAMA DE RESCATE DE FLORA Y FAUNA PARA EL NUEVO AEROPUERTO INTERNACIONAL DE LA CIUDAD DE MÉXICO,Servicios Relacionados con la OP,Licitación Pública,"Grupo Aeroportuario De La Ciudad de México, S.A. de C.V.","RAGAMEX CONSTRUCTORES, S.A. DE C.V.",,,11924906.62,MXN
LO-009KDH999-N42-2015,IMPLEMENTACIÓN DEL PROGRAMA DE RESCATE DE FLORA Y FAUNA PARA EL NUEVO AEROPUERTO INTERNACIONAL DE LA CIUDAD DE MÉXICO,Servicios Relacionados con la OP,Licitación Pública,"Grupo Aeroportuario De La Ciudad de México, S.A. de C.V.",OLIVERIO GONZALEZ ALAFITA,,,11924906.62,MXN
LO-009KDH999-T15-2015,ESTUDIO MEDIANTE EL CUAL SE DEFINAN LAS CARACTERÍSTICAS TÉCNICAS DE INFRAESTRUCTURA Y DISEÑO ESQUEMÁTICO DE LA TERMINAL DE CARGA DEL NUEVO AEROPUERTO INTERNACIONAL DE LA CIUDAD DE MÉXICO,Servicios Relacionados con la OP,Licitación Pública,"Grupo Aeroportuario De La Ciudad de México, S.A. de C.V.","ADVANCED LOGISTICS GROUP, S.A.U.",,,11650000,MXN
LO-009KDH999-T15-2015,ESTUDIO MEDIANTE EL CUAL SE DEFINAN LAS CARACTERÍSTICAS TÉCNICAS DE INFRAESTRUCTURA Y DISEÑO ESQUEMÁTICO DE LA TERMINAL DE CARGA DEL NUEVO AEROPUERTO INTERNACIONAL DE LA CIUDAD DE MÉXICO,Servicios Relacionados con la OP,Licitación Pública,"Grupo Aeroportuario De La Ciudad de México, S.A. de C.V.","Indra Business Consulting México, S.A. De C.V.",,,11650000,MXN
IO-009KDH999-E15-2016,"CONSTRUCCIÓN DE ACCESOS Y PLATAFORMAS PARA EXPLORACIÓN GEOTÉCNICA, REHABILITACIÓN DE TRAMOS DE PRUEBA Y BACHEO SOMERO DE CAMINOS EXISTENTES DENTRO DEL TERRENO PARA EL NUEVO AEROPUERTO INTERNACIONAL DE LA CIUDAD DE MÉXICO",Obra Pública,Invitación a Cuando Menos 3 Personas,"Grupo Aeroportuario De La Ciudad de México, S.A. de C.V.","CONSTRUCCIONES ALDESEM, S.A. DE C.V.",,,10961673.55,MXN
LO-009KDH999-N86-2015,"SUPERVISIÓN TÉCNICA, ADMINISTRATIVA Y DE CONTROL DE CALIDAD PARA LOS TRABAJOS DE NIVELACIÓN Y LIMPIEZA DEL TERRENO DEL NUEVO AEROPUERTO INTERNACIONAL DE LA CIUDAD DE MÉXICO",Servicios Relacionados con la OP,Licitación Pública,"Grupo Aeroportuario De La Ciudad de México, S.A. de C.V.","CONSULTORIA, SUPERVISION TECNICA Y OPERACION EN SISTEMAS, S.A. DE C.V.",,,9720916.92,MXN
IO-009KDH999-E76-2016,NIVELACION DIFERENCIAL DE PRECISIÓN PARA LA DETERMINACIÓN DE HUNDIMIENTOS DE LOS BANCOS DE NIVEL INSTRUMENTADOS DENTRO DEL POLÍGONO DEL NUEVO AEROPUERTO INTERNACIONAL DE LA CIUDAD DE MÉXICO ,Servicios Relacionados con la OP,Invitación a Cuando Menos 3 Personas,"Grupo Aeroportuario De La Ciudad de México, S.A. de C.V.","CONSTRUCCIONES SUSTENTABLES E INTELIGENTES, S.A. DE C.V.",,,8440929.63,MXN
IO-009KDH999-E73-2016,ESTUDIO DE FACTIBILIDAD DE ENERGÍA SOLAR FOTOVOLTAICA PARA EL NUEVO AEROPUERTO INTERNACIONAL DE LA CIUDAD DE MÉXICO,Servicios Relacionados con la OP,Invitación a Cuando Menos 3 Personas,"Grupo Aeroportuario De La Ciudad de México, S.A. de C.V.","CURRIE & BROWN MEXICO, S.A. DE C.V.",,,8413461.44,MXN
IO-009KDH999-N82-2015,"ADECUACIÓN DE ESPACIOS PARA OFICINAS, DEL GRUPO AEROPORTUARIO DE LA CIUDAD DE MÉXICO (GACM), EN EL CEMCAS",Obra Pública,Invitación a Cuando Menos 3 Personas,"Grupo Aeroportuario De La Ciudad de México, S.A. de C.V.","SERVICIOS DE INGENIERIA EDIFICACION Y CONSTRUCCION PESADA, S.A. DE C.V.",,,8385420.04,MXN
IO-009KDH999-E45-2016,"Servicios de Apoyo Técnico a la Residencia del Proyecto Ejecutivo de Diseño Arquitectónico e Ingeniería de Detalle del Edificio Terminal de Pasajeros, Torre de Control y Centro de Operaciones, Edificio de Estacionamiento, Estacionamientos en Superficie, Es",Servicios Relacionados con la OP,Invitación a Cuando Menos 3 Personas,"Grupo Aeroportuario De La Ciudad de México, S.A. de C.V.","CENTRO DE ESTUDIOS DE URBANISMO Y ARQUITECTURA, S.A. DE C.V.",,,8380018.06,MXN
IO-009KDH999-E84-2016,ELABORACIÓN DEL PROGRAMA AMBIENTAL SOBRE LA DISPOSICIÓN FINAL DE AGUAS SERVIDAS EN EL NUEVO AEROPUERTO INTERNACIONAL DE LA CIUDAD DE MÉXICO,Servicios Relacionados con la OP,Invitación a Cuando Menos 3 Personas,"Grupo Aeroportuario De La Ciudad de México, S.A. de C.V.","F GLEZ CONSULTORES Y ASOCIADOS, S.A. DE C.V.",,,8171431.88,MXN
IO-009KDH999-N51-2015,"PROGRAMA GENERAL DE ABASTECIMIENTO, USO Y DISPOSICIÓN DE AGUA DEL NUEVO AEROPUERTO INTERNACIONAL DE LA CIUDAD DE MÉXICO (PROAGUA), ETAPA I",Servicios Relacionados con la OP,Invitación a Cuando Menos 3 Personas,"Grupo Aeroportuario De La Ciudad de México, S.A. de C.V.","F GLEZ CONSULTORES Y ASOCIADOS, S.A. DE C.V.",,,8150489.03,MXN
IO-009KDH999-N11-2015,"CONSTRUCCIÓN DE CAMINOS DE ACCESO A LA ZONA DEL EDIFICIO TERMINAL DE LA PRIMERA ETAPA,  NECESARIOS PARA LA CARACTERIZACIÓN GEOTÉCNICA INICIAL",Obra Pública,Invitación a Cuando Menos 3 Personas,"Grupo Aeroportuario De La Ciudad de México, S.A. de C.V.","INGENIEROS CIVILES ASOCIADOS, S.A. DE C.V.",,,8129259.88,MXN
IO-009KDH999-N83-2015,DESARROLLO DEL PROYECTO EJECUTIVO PARA EL ENTRONQUE DE ACCESO DE CARGA EN LA ZONA NORTE DEL NUEVO AEROPUERTO INTERNACIONAL DE LA CIUDAD DE MÉXICO,Servicios Relacionados con la OP,Invitación a Cuando Menos 3 Personas,"Grupo Aeroportuario De La Ciudad de México, S.A. de C.V.","INE, S.A. DE C.V.",,,8090576.25,MXN
AO-009KDH999-E20-2016,SUPERVISION DE LA CONSTRUCCIÓN DEL DRENAJE PLUVIAL TEMPORAL DEL NUEVO AEROPUERTO INTERNACIONAL DE LA CIUDAD DE MÉXICO.,Servicios Relacionados con la OP,Adjudicación Directa Federal,"Grupo Aeroportuario De La Ciudad de México, S.A. de C.V.","INGENIERÍA Y PROCESAMIENTO ELECTRÓNICO, S.A. DE C.V.",,,7680864.77,MXN
LO-009KDH999-N16-2015,ESTUDIO DE SUMINISTRO ELÉCTRICO PARA EL NUEVO AEROPUERTO INTERNACIONAL DE LA CIUDAD DE MÉXICO,Servicios Relacionados con la OP,Licitación Pública,"Grupo Aeroportuario De La Ciudad de México, S.A. de C.V.","CURRIE & BROWN MEXICO, S.A. DE C.V.",,,7582404.32,MXN
AO-009KDH999-E106-2016,"SUPERVISIÓN TÉCNICA, ADMINISTRATIVA Y DE CONTROL DE CALIDAD PARA LOS TRABAJOS DE CARGA, ACARREO Y DESCARGA FUERA DEL POLÍGONO DEL MATERIAL EXISTENTE, PRODUCTO DE DEPÓSITOS DE DEMOLICION, DESPERDICIO Y DESASOLVE ",Servicios Relacionados con la OP,Adjudicación Directa Federal,"Grupo Aeroportuario De La Ciudad de México, S.A. de C.V.","SUPERVISION, COORDINACION Y CONSTRUCCION DE OBRAS, S.A. DE C.V.",,,7512904.17,MXN
IA-009KDH999-E24-2016,SERVICIOS DE ASESORÍA TÉCNICA ESPECIALIZADA EN PROCESOS DE LICITACIÓN   ,Servicios,Invitación a Cuando Menos 3 Personas,"Grupo Aeroportuario De La Ciudad de México, S.A. de C.V.","FLEXIBILIDAD EN SISTEMAS DE COMPUTO, S.C.",,,7425504,MXN
IO-009KDH999-E75-2016,COORDINACIÓN TOPOGRÁFICA INTEGRAL PARA LLEVAR A CABO EL CONTROL DE OBRA Y ADMINISTRACIÓN DE LA INFORMACIÓN TOPOGRÁFICA Y GEODÉSICA GENERADA PARA EL PROYECTO DEL NUEVO AEROPUERTO INTERNACIONAL DE LA CIUDAD DE MÉXICO ,Servicios Relacionados con la OP,Invitación a Cuando Menos 3 Personas,"Grupo Aeroportuario De La Ciudad de México, S.A. de C.V.","TOPOGRAFIA INGENIERIA Y DISEÑO, S.A. DE C.V.",,,7147393.11,MXN
IO-009KDH999-E83-2016,TRABAJOS PARA MANTENER ACTUALIZADOS LOS PERMISOS EN MATERIA DE IMPACTO AMBIENTAL POR LOS AJUSTES Y ADECUACIONES DEL PROYECTO “NUEVO AEROPUERTO INTERNACIONAL DE LA CIUDAD DE MÉXICO”,Servicios Relacionados con la OP,Invitación a Cuando Menos 3 Personas,"Grupo Aeroportuario De La Ciudad de México, S.A. de C.V.","PLANEACION Y PROYECTOS DE INGENIERIA, S.C.",,,7109736.03,MXN
IO-009KDH999-N43-2015,ELABORACIÓN DEL PROYECTO DE TERRACERIAS DE LOS CAMINOS PROVISIONALES PARA LA CONSTRUCCIÓN DEL NUEVO AEROPUERTO INTERNACIONAL DE LA CIUDAD DE MÉXICO,Servicios Relacionados con la OP,Invitación a Cuando Menos 3 Personas,"Grupo Aeroportuario De La Ciudad de México, S.A. de C.V.","IMPULSORA DE ENLACE EMPRESARIAL CATENA, S.A. DE C.V.",,,7062582.4,MXN
IA-009KDH999-N56-2015,SERVICIO DE ASESORÍA TÉCNICA Y CAPACITACIÓN A 800 TRABAJADORES DEL PROGRAMA EMPLEO TEMPORAL DE MANO DE OBRA CAMPESINA O URBANA MARGINADA PARA LOS 7 EJIDOS COLINDANTES AL PREDIO DEL NAICM,Servicios,Invitación a Cuando Menos 3 Personas,"Grupo Aeroportuario De La Ciudad de México, S.A. de C.V.","AGENCIA DE DESARROLLO RURAL MARTELLI, S.C. DE R.L. DE M.I.",,,6318719.99,MXN
IO-009KDH999-N34-2015,PROYECTO EJECUTIVO PARA LA CONSTRUCCIÓN DEL CAMINO PERIMETRAL Y SUS INSTALACIONES COMPLEMENTARIAS EN EL LADO NORTE DEL POLÍGONO DE NAICM,Servicios Relacionados con la OP,Invitación a Cuando Menos 3 Personas,"Grupo Aeroportuario De La Ciudad de México, S.A. de C.V.","CAL Y MAYOR Y ASOCIADOS, S.C.",,,5997988.52,MXN
SA-009KDH999-N62-2015,"SERVICIOS INTEGRALES DE RESERVACIÓN, EXPEDICIÓN DE BOLETOS DE AVIÓN CON COBERTURA EN EL TERRITORIO NACIONAL E INTERNACIONAL Y OTROS SERVICIOS DEL RAMO PARA GACM.",Servicios,Adjudicación Directa Federal,"Grupo Aeroportuario De La Ciudad de México, S.A. de C.V.","EL MUNDO ES TUYO, S.A. DE C.V.",,,5840517.24,MXN
IA-009KDH999-N55-2015,SERVICIO DE ASESORÍA TÉCNICA Y CAPACITACIÓN DE NÚCLEOS AGRARIOS (COMISARIADOS EJIDALES) PARA LOS 7 EJIDOS COLINDANTES AL PREDIO DEL NAICM,Servicios,Invitación a Cuando Menos 3 Personas,"Grupo Aeroportuario De La Ciudad de México, S.A. de C.V.","CORPORATIVO LEMARC, S.A. DE C.V.",,,5215043.09,MXN
LO-009KDH999-N20-2015,CONSTRUCCION DE  ACCESOS Y PLATAFORMAS PARA EXPLORACIÓN GEOTÉCNICA PARA LA PISTA N° 2 DEL NUEVO AEROPUERTO INTERNACIONAL DE LA CIUDAD DE MÉXICO,Obra Pública,Licitación Pública,"Grupo Aeroportuario De La Ciudad de México, S.A. de C.V.","CONSTRUCCIONES ALDESEM, S.A. DE C.V.",,,5038656,MXN
IA-009KDH999-E97-2015,"SERVICIOS DE ASESORÍA, RELACIONADOS CON LA IMPLEMENTACIÓN DE LA ESTRUCTURA DE GOBIERNO CORPORATIVO PARA LA ADMINISTRACIÓN DEL GRUPO AEROPORTUARIO DE LA CIUDAD DE MÉXICO, S.A. DE C.V.",Servicios,Invitación a Cuando Menos 3 Personas,"Grupo Aeroportuario De La Ciudad de México, S.A. de C.V.","GALAZ, YAMAZAKI, RUIZ URQUIZA, S.C.",,,4930328.89,MXN
IO-009KDH999-N53-2015,"SERVICIOS RELACIONADOS CON EL PROGRAMA DE EMPLEO TEMPORAL (PET) CORRESPONDIENTE A LAS ACCIONES PREPARATORIAS PARA LA CONSTRUCCIÓN DEL NUEVO AEROPUERTO INTERNACIONAL DE LA CIUDAD DE MÉXICO (SERVICIO DE TRASLADO DE PERSONAS, EN VEHÌCULOS LIGEROS)",Servicios Relacionados con la OP,Invitación a Cuando Menos 3 Personas,"Grupo Aeroportuario De La Ciudad de México, S.A. de C.V.","OMNIBUS Y TRANSPORTES TERRESTRES EJECUTIVOS, S.A. DE C.V.",,,4880000,MXN
IO-009KDH999-E82-2016,"SUPERVISIÓN TÉCNICA, ADMINISTRATIVA Y DE CONTROL DE CALIDAD DE LA FABRICACIÓN, ACARREO E HINCADO DE PILOTES EN LA TORRE DE CONTROL DEL NUEVO AEROPUERTO INTERNACIONAL DE LA CIUDAD DE MÉXICO ",Servicios Relacionados con la OP,Invitación a Cuando Menos 3 Personas,"Grupo Aeroportuario De La Ciudad de México, S.A. de C.V.","PROMOTORA Y CONSULTORA DE INGENIERIA, S.A. DE C.V.",,,4274301.61,MXN
AA-009KDH999-E86-2016,"SERVICIOS DE ASESORIA ESPECIALIZADA EN MATERIA DE GESTIÓN SOCIAL, SEGUNDA ETAPA",Servicios,Adjudicación Directa Federal,"Grupo Aeroportuario De La Ciudad de México, S.A. de C.V.",AURELIO MARIN HUAZO,,,4026000,MXN
LA-009KDH999-E28-2016,CONTRATACIÓN DE UN INSTRUMENTO DE GARANTÍA PARA EL CUMPLIMIENTO DE LAS MEDIDAS AMBIENTALES DEL NUEVO AEROPUERTO INTERNACIONAL DE LA CIUDAD DE MÉXICO ,Servicios,Licitación Pública,"Grupo Aeroportuario De La Ciudad de México, S.A. de C.V.","ZURICH FIANZAS MEXICO, S.A. DE C.V.",,,4025173.6,MXN
AO-009KDH999-E26-2016,"SUPERVISION DEL PROYECTO EJECUTIVO, CONSTRUCCION, EQUIPAMIENTO, MOBILIARIO E INSTALACIONES COMPLEMENTARIAS PARA EL CAMPAMENTO DEL GRUPO AEROPORTUARIO DE LA CIUDAD DE MÉXICO (GACM) EN EL SITIO DEL NUEVO AEROPUERTO INTERNACIONAL DE LA CIUDAD DE MÉXICO.",Servicios Relacionados con la OP,Adjudicación Directa Federal,"Grupo Aeroportuario De La Ciudad de México, S.A. de C.V.","GLM COMUNICACIONES, S.A. DE C.V.",,,3695222.82,MXN
IO-009KDH999-E72-2016,"SUPERVISIÓN DE LAS OBRAS DE EXCAVACIÓN DE PRUEBA, LOSA EXPERIMENTAL Y PRUEBA DE PILOTES PARA EL EDIFICIO TERMINAL Y TORRE DE CONTROL DEL NUEVO AEROPUERTO INTERNACIONAL DE LA CIUDAD DE MÉXICO",Servicios Relacionados con la OP,Invitación a Cuando Menos 3 Personas,"Grupo Aeroportuario De La Ciudad de México, S.A. de C.V.","TGC GEOTECNIA, S.A. DE C.V.",,,3599010.2,MXN
IO-009KDH999-N54-2015,"SUPERVISIÓN PARA: CONSTRUCCIÓN DEL PROYECTO INTEGRAL CONSISTENTE EN BARDA Y CAMINO PERIMETRAL, ALUMBRADO, SERVICIOS INDUCIDOS Y CASETAS DE ACCESO PARA EL NUEVO AEROPUERTO INTERNACIONAL DE LA CIUDAD DE MÉXICO (PRIMERA ETAPA)",Servicios Relacionados con la OP,Invitación a Cuando Menos 3 Personas,"Grupo Aeroportuario De La Ciudad de México, S.A. de C.V.","SIFRA Y ASOCIADOS, S.A. DE C.V.",,,3286659.95,MXN
IA-009KDH999-N6-2014,"Mantenimiento, suministro, instalación y puesta en operación de la instalaciones de voz y datos y electricidad en las oficinas de Grupo Aeroportuario de la Ciudad de México, S. A. de C. V.",Servicios,Invitación a Cuando Menos 3 Personas,"Grupo Aeroportuario De La Ciudad de México, S.A. de C.V.","RIBUS TECH, S.A. DE C.V.",,,2481886.09,MXN
IO-009KDH999-N10-2015,SUPERVISIÓN PARA LA OBRA: EXTRACCIÓN DE ADEMES Y RESTITUCIÓN DEL TERRENO QUE OCUPAN DICHOS ELEMENTOS UBICADOS EN LA POLIGONAL PARA EL NUEVO AEROPUERTO INTERNACIONAL DE LA CIUDAD DE MÉXICO,Servicios Relacionados con la OP,Invitación a Cuando Menos 3 Personas,"Grupo Aeroportuario De La Ciudad de México, S.A. de C.V.","AVALUOS, EVALUACIONES Y PROYECTOS, S.A. DE C.V.",,,2456112.06,MXN
